element_type,dim_a,dim_b,dim_c,fck,cover,main_rebar_diam,main_rebar_quantity,stirrup_diam,stirrup_spacing,conformity
beam,15,60,990,45,2.5,12.5,17,6.3,30.0,conforme
beam,20,80,110,10,0.5,4.2,15,5.0,20.8,nao_conforme
column,35,30,325,45,2.5,16.0,5,6.3,10.0,conforme
column,45,90,270,20,1.5,8.0,3,16.0,27.9,nao_conforme
column,35,65,355,50,3.5,20.0,4,16.0,23.4,nao_conforme
beam,20,80,465,20,4.0,25.0,12,25.0,20.0,conforme
beam,20,45,980,45,1.0,22.0,17,12.5,10.5,nao_conforme
column,40,80,390,45,4.0,12.5,2,20.0,9.4,nao_conforme
beam,20,75,700,10,2.5,8.0,19,8.0,11.1,nao_conforme
beam,10,35,570,25,3.5,4.2,9,4.2,27.8,nao_conforme
beam,10,35,1120,45,0.5,5.0,5,22.0,6.3,nao_conforme
column,65,30,370,30,4.5,20.0,17,22.0,15.0,conforme
beam,12.0,30,1130,35,3.5,12.5,6,25.0,5.0,conforme
column,75,70,375,10,4.5,10.0,18,4.2,27.0,nao_conforme
column,70,110,285,35,0.5,22.0,14,8.0,20.7,nao_conforme
beam,15,40,825,40,0.0,12.5,2,5.0,23.9,nao_conforme
beam,10,25,980,30,2.0,5.0,11,10.0,20.2,nao_conforme
beam,15,45,760,45,4.0,20.0,17,12.5,10.0,conforme
beam,20,80,585,30,4.0,20.0,6,25.0,5.0,conforme
beam,20,70,495,45,2.5,20.0,3,12.5,7.4,nao_conforme
beam,20,70,585,25,3.0,5.0,19,16.0,10.7,nao_conforme
beam,15,55,400,30,0.5,8.0,7,16.0,8.1,nao_conforme
column,45,75,395,20,4.5,5.0,14,4.2,12.2,nao_conforme
column,40,35,285,40,4.0,10.0,6,8.0,10.0,conforme
column,45,80,320,15,4.5,25.0,2,8.0,31.5,nao_conforme
beam,12.0,40,215,30,4.5,16.0,9,22.0,5.0,conforme
column,25,120,285,45,2.5,25.0,17,16.0,25.0,conforme
column,45,25,345,20,4.0,12.5,4,16.0,15.0,conforme
beam,25,65,425,25,3.5,25.0,15,6.3,20.0,conforme
column,50,45,305,40,4.0,10.0,12,22.0,5.0,conforme
column,60,40,335,45,2.5,12.5,19,12.5,30.3,nao_conforme
beam,30,80,535,15,4.0,10.0,19,25.0,12.5,nao_conforme
beam,20,45,415,20,3.5,5.0,12,4.2,6.8,nao_conforme
column,20,50,270,10,0.0,6.3,11,25.0,18.1,nao_conforme
beam,20,75,790,20,4.0,10.0,5,4.2,17.1,nao_conforme
beam,30,95,545,35,2.5,22.0,18,22.0,30.0,conforme
column,25,25,380,30,1.5,8.0,17,12.5,6.1,nao_conforme
column,15,45,400,50,0.5,5.0,9,22.0,16.6,nao_conforme
column,65,80,375,45,2.0,6.3,15,16.0,9.2,nao_conforme
beam,15,55,725,15,3.5,4.2,13,22.0,27.3,nao_conforme
beam,15,45,585,30,4.5,25.0,5,10.0,15.0,conforme
column,35,85,290,50,1.0,5.0,18,6.3,18.5,nao_conforme
beam,12.0,40,745,25,2.5,16.0,12,16.0,5.0,conforme
beam,10,40,1120,40,3.5,22.0,3,22.0,15.4,nao_conforme
column,65,95,345,40,3.5,10.0,14,20.0,30.0,conforme
beam,25,85,235,25,4.0,12.5,13,16.0,25.0,conforme
column,20,45,270,50,4.5,20.0,12,16.0,25.0,conforme
column,55,15,330,45,3.5,16.0,14,5.0,21.2,nao_conforme
column,25,25,345,25,2.5,8.0,14,25.0,10.0,conforme
beam,20,55,340,20,4.0,25.0,10,10.0,20.0,conforme
beam,10,40,1080,45,3.5,8.0,11,20.0,19.7,nao_conforme
column,10,75,280,35,0.5,25.0,2,8.0,34.3,nao_conforme
column,75,30,330,45,4.5,8.0,7,6.3,10.0,conforme
beam,25,85,830,30,4.5,20.0,12,16.0,19.3,nao_conforme
column,70,115,400,40,2.5,20.0,14,20.0,20.3,nao_conforme
beam,12.0,35,395,50,2.5,25.0,14,16.0,20.0,conforme
beam,30,85,725,20,2.5,10.0,5,16.0,15.0,conforme
beam,12.0,20,155,45,4.5,25.0,17,12.5,5.0,conforme
column,35,80,350,35,0.0,10.0,11,22.0,24.2,nao_conforme
beam,20,55,465,15,3.0,12.5,4,22.0,32.9,nao_conforme
column,35,15,325,50,3.5,10.0,15,8.0,5.0,conforme
beam,12.0,35,510,25,3.5,20.0,11,12.5,5.0,conforme
column,60,100,355,50,4.5,20.0,17,22.0,30.6,nao_conforme
column,30,100,290,25,3.0,12.5,18,12.5,5.0,conforme
beam,25,80,690,40,4.5,25.0,5,12.5,24.5,nao_conforme
column,45,50,315,30,4.0,22.0,7,20.0,20.0,conforme
beam,20,70,380,25,1.5,5.0,7,20.0,31.0,nao_conforme
beam,25,85,400,50,3.5,12.5,15,6.3,30.0,conforme
beam,15,50,280,50,4.0,10.0,11,6.3,15.0,conforme
column,65,85,300,15,2.5,8.0,15,16.0,11.3,nao_conforme
beam,30,80,1110,20,2.5,8.0,3,10.0,31.2,nao_conforme
column,80,100,320,10,0.0,20.0,11,6.3,5.0,nao_conforme
beam,10,30,745,40,2.0,16.0,13,6.3,34.0,nao_conforme
beam,15,60,1105,35,2.5,10.0,8,12.5,30.0,conforme
column,65,60,335,25,3.0,16.0,9,20.0,30.0,conforme
beam,30,70,170,20,2.0,6.3,18,16.0,23.0,nao_conforme
beam,20,45,1030,15,0.0,22.0,2,25.0,22.4,nao_conforme
beam,20,55,560,25,3.5,20.0,8,5.0,30.0,conforme
column,15,20,395,35,2.5,16.0,15,5.0,31.1,nao_conforme
column,65,30,255,25,4.0,22.0,17,8.0,15.0,conforme
column,65,85,295,20,0.5,6.3,8,4.2,23.7,nao_conforme
beam,20,40,480,25,1.5,12.5,2,10.0,32.6,nao_conforme
column,45,105,335,50,2.5,22.0,10,22.0,25.0,conforme
beam,15,30,465,50,4.0,16.0,18,8.0,15.0,conforme
beam,20,55,540,40,3.5,10.0,12,6.3,15.0,conforme
beam,15,35,130,30,4.5,25.0,9,25.0,12.0,nao_conforme
column,15,105,345,45,2.5,22.0,5,20.0,10.3,nao_conforme
column,75,115,275,50,4.0,10.0,8,22.0,30.0,conforme
beam,15,55,620,35,4.5,16.0,19,10.0,30.0,conforme
beam,12.0,35,660,45,4.0,16.0,16,8.0,20.0,conforme
beam,15,55,1025,20,3.0,20.0,19,6.3,20.0,conforme
column,15,95,360,40,4.0,25.0,7,16.0,21.5,nao_conforme
column,75,75,380,10,0.5,8.0,14,20.0,12.4,nao_conforme
beam,20,80,215,40,3.0,22.0,14,8.0,10.0,conforme
beam,30,120,1050,40,4.5,25.0,14,10.0,30.0,conforme
column,20,40,290,15,0.0,25.0,19,22.0,8.1,nao_conforme
beam,25,90,635,35,0.0,22.0,15,8.0,33.2,nao_conforme
column,60,70,355,35,4.5,16.0,17,16.0,30.0,conforme
column,80,25,305,50,3.5,16.0,16,8.0,5.0,conforme
column,60,35,385,20,2.5,16.0,20,16.0,30.5,nao_conforme
column,55,120,340,25,4.5,4.2,18,25.0,10.4,nao_conforme
beam,25,70,1145,20,3.0,16.0,15,6.3,5.0,conforme
beam,30,65,750,40,3.0,5.0,16,25.0,29.4,nao_conforme
beam,30,100,1165,45,3.5,25.0,5,6.3,20.0,conforme
column,30,20,395,20,3.5,10.0,14,25.0,5.0,conforme
column,35,45,320,35,0.0,6.3,2,25.0,19.3,nao_conforme
beam,20,80,875,25,3.0,20.0,20,16.0,10.0,conforme
column,75,40,295,35,4.5,25.0,6,22.0,8.1,nao_conforme
beam,30,115,240,25,2.5,16.0,8,22.0,15.0,conforme
column,10,15,280,25,2.0,6.3,9,10.0,26.6,nao_conforme
column,20,75,385,50,4.5,20.0,9,20.0,15.0,conforme
column,70,20,310,15,1.5,22.0,16,22.0,9.5,nao_conforme
column,75,20,380,35,4.0,8.0,4,25.0,23.6,nao_conforme
column,55,115,355,35,3.5,25.0,7,25.0,5.0,conforme
column,70,105,335,45,4.5,10.0,13,10.0,30.0,conforme
beam,30,80,145,20,4.5,22.0,14,20.0,15.0,conforme
column,15,30,290,20,3.0,6.3,13,22.0,10.0,nao_conforme
beam,30,70,805,25,3.5,16.0,11,25.0,20.0,conforme
beam,10,35,915,30,3.0,6.3,19,20.0,26.3,nao_conforme
column,50,120,350,40,3.5,22.0,13,6.3,10.0,conforme
column,25,115,260,10,3.5,10.0,7,20.0,30.7,nao_conforme
column,45,65,315,50,4.5,12.5,10,8.0,15.0,conforme
column,25,100,315,30,3.0,8.0,4,20.0,33.2,nao_conforme
beam,25,80,885,50,2.0,25.0,3,6.3,24.2,nao_conforme
beam,30,70,690,45,0.5,22.0,5,6.3,28.4,nao_conforme
beam,10,30,890,15,1.5,12.5,17,20.0,14.9,nao_conforme
beam,20,50,860,35,3.0,25.0,9,8.0,10.0,conforme
column,40,30,390,45,0.0,20.0,13,22.0,19.6,nao_conforme
column,70,35,270,35,4.5,25.0,14,25.0,15.0,conforme
column,30,85,350,40,4.5,25.0,20,22.0,10.0,conforme
column,75,35,375,35,2.5,16.0,20,25.0,20.0,conforme
column,20,100,275,45,4.5,16.0,18,22.0,14.3,nao_conforme
beam,25,75,445,50,2.5,20.0,5,16.0,5.0,conforme
column,30,100,260,20,0.5,10.0,16,22.0,15.5,nao_conforme
beam,30,105,185,30,0.5,16.0,5,6.3,26.8,nao_conforme
beam,15,30,680,20,3.5,12.5,18,10.0,10.0,conforme
column,15,70,385,25,4.5,25.0,19,6.3,34.4,nao_conforme
column,45,80,390,40,4.0,12.5,16,5.0,5.0,conforme
beam,25,80,510,45,0.0,6.3,16,25.0,31.9,nao_conforme
beam,25,75,1130,40,1.5,16.0,7,4.2,15.9,nao_conforme
column,25,60,370,30,3.0,16.0,15,22.0,15.0,conforme
column,70,80,340,35,4.0,8.0,7,5.0,27.2,nao_conforme
column,25,105,300,40,4.5,12.5,8,16.0,10.0,conforme
beam,20,45,960,25,3.5,12.5,7,6.3,10.0,conforme
column,30,30,340,45,4.5,25.0,15,20.0,10.0,conforme
beam,30,75,745,30,3.0,10.0,15,16.0,5.0,conforme
beam,15,55,795,35,3.0,8.0,20,25.0,30.0,conforme
column,60,65,360,40,3.0,16.0,15,22.0,11.3,nao_conforme
column,55,115,335,25,0.0,6.3,6,4.2,24.6,nao_conforme
beam,15,35,185,20,4.5,20.0,5,5.0,20.0,conforme
beam,25,95,805,30,3.5,22.0,6,8.0,15.0,conforme
beam,30,105,1105,45,2.5,16.0,8,10.0,7.5,nao_conforme
beam,12.0,25,185,20,3.5,10.0,12,6.3,15.0,conforme
beam,20,70,300,35,2.5,25.0,9,12.5,25.0,conforme
column,50,105,280,25,4.0,12.5,15,10.0,5.0,conforme
beam,20,70,1115,20,4.0,22.0,13,12.5,25.0,conforme
beam,25,75,215,35,0.0,25.0,8,25.0,20.8,nao_conforme
column,75,100,390,30,4.0,22.0,19,12.5,20.0,conforme
column,40,120,350,30,4.0,8.0,11,25.0,20.0,conforme
column,80,100,390,35,3.5,16.0,3,22.0,14.0,nao_conforme
beam,30,70,565,30,3.0,12.5,19,22.0,5.0,conforme
column,15,115,330,25,1.0,12.5,19,6.3,28.5,nao_conforme
beam,25,95,265,15,3.5,5.0,16,10.0,25.5,nao_conforme
beam,25,100,1165,35,2.5,8.0,15,16.0,25.6,nao_conforme
beam,25,55,420,10,0.5,10.0,2,5.0,28.5,nao_conforme
beam,20,65,1030,50,3.0,10.0,12,10.0,5.0,conforme
beam,15,45,1135,35,0.5,20.0,17,20.0,11.3,nao_conforme
beam,25,70,665,10,4.5,4.2,3,16.0,28.0,nao_conforme
column,45,105,285,45,3.0,25.0,6,12.5,30.0,conforme
beam,20,55,390,25,1.5,25.0,13,6.3,28.4,nao_conforme
column,15,100,365,40,1.0,5.0,2,10.0,9.6,nao_conforme
beam,25,95,1165,25,4.0,22.0,14,25.0,30.0,conforme
beam,15,35,780,40,2.5,12.5,15,8.0,32.6,nao_conforme
column,40,90,365,50,2.0,4.2,17,16.0,19.6,nao_conforme
beam,15,40,945,20,3.0,20.0,6,10.0,10.0,conforme
beam,10,20,1040,20,3.5,4.2,17,25.0,6.4,nao_conforme
column,80,80,280,50,2.5,12.5,10,20.0,13.2,nao_conforme
column,55,120,285,35,4.5,16.0,12,8.0,10.0,conforme
beam,30,60,1030,35,3.0,25.0,6,22.0,15.0,conforme
column,20,20,335,35,3.0,10.0,4,22.0,10.0,conforme
beam,30,60,185,35,2.5,10.0,8,12.5,20.0,conforme
beam,20,80,1150,30,4.5,16.0,10,5.0,30.0,conforme
beam,20,45,1075,25,3.5,10.0,17,22.0,25.0,conforme
column,35,105,260,15,1.0,8.0,18,6.3,30.4,nao_conforme
column,60,40,400,50,4.5,16.0,4,5.0,9.3,nao_conforme
beam,12.0,25,440,50,3.0,12.5,8,12.5,15.0,conforme
beam,20,70,205,20,3.0,12.5,18,16.0,15.0,conforme
beam,12.0,20,650,20,3.5,20.0,14,8.0,5.0,conforme
column,25,25,275,20,2.0,5.0,16,25.0,18.6,nao_conforme
column,50,105,340,45,4.0,10.0,14,12.5,10.0,conforme
column,35,105,365,40,1.5,16.0,8,6.3,8.2,nao_conforme
beam,25,60,755,35,4.0,16.0,13,5.0,25.0,conforme
column,35,105,350,15,4.0,10.0,14,8.0,20.5,nao_conforme
beam,12.0,20,900,45,3.0,12.5,8,10.0,10.0,conforme
beam,12.0,35,230,50,3.0,8.0,11,6.3,5.0,conforme
column,25,50,270,25,2.5,20.0,20,12.5,5.0,conforme
column,25,110,280,50,3.5,12.5,17,25.0,10.0,conforme
beam,20,80,640,45,1.5,10.0,6,12.5,19.3,nao_conforme
beam,10,35,890,40,4.5,10.0,6,5.0,33.7,nao_conforme
beam,10,30,730,15,3.0,10.0,16,25.0,27.1,nao_conforme
column,25,115,280,40,3.5,8.0,5,8.0,30.0,conforme
beam,30,80,625,50,4.5,12.5,3,4.2,22.0,nao_conforme
beam,15,50,635,45,0.5,16.0,8,6.3,31.1,nao_conforme
beam,15,45,755,35,4.0,8.0,6,12.5,20.0,conforme
beam,30,80,1120,25,2.5,8.0,15,5.0,10.0,conforme
column,80,35,275,50,2.5,10.0,14,25.0,20.0,conforme
column,25,25,375,45,4.5,5.0,7,22.0,16.6,nao_conforme
beam,25,85,155,45,4.0,22.0,4,16.0,15.0,conforme
column,75,50,330,40,2.0,25.0,3,22.0,7.3,nao_conforme
column,30,80,345,45,2.5,10.0,17,10.0,20.0,conforme
column,65,65,310,50,4.0,4.2,18,5.0,18.5,nao_conforme
beam,15,40,1135,30,0.5,25.0,14,25.0,32.5,nao_conforme
column,70,70,370,10,4.0,10.0,6,22.0,23.1,nao_conforme
column,45,120,365,25,4.5,8.0,18,12.5,25.3,nao_conforme
beam,10,25,325,10,1.5,5.0,17,8.0,8.0,nao_conforme
column,60,85,305,30,3.0,25.0,7,16.0,12.5,nao_conforme
column,30,110,290,40,2.5,8.0,20,22.0,13.4,nao_conforme
beam,15,35,895,45,3.5,22.0,9,16.0,10.0,conforme
column,80,40,325,40,1.0,10.0,14,20.0,27.9,nao_conforme
beam,20,50,180,25,3.5,12.5,16,25.0,30.0,conforme
beam,30,100,975,40,1.0,25.0,5,6.3,19.3,nao_conforme
column,70,35,400,45,2.5,6.3,2,22.0,34.3,nao_conforme
column,35,40,280,20,0.5,25.0,10,5.0,18.0,nao_conforme
column,45,100,285,15,3.5,10.0,13,16.0,12.8,nao_conforme
beam,15,40,1090,25,4.5,25.0,8,5.0,15.0,conforme
beam,10,20,560,10,4.0,8.0,12,8.0,25.3,nao_conforme
column,25,30,300,25,0.5,8.0,15,8.0,16.3,nao_conforme
column,20,75,305,20,3.5,8.0,13,10.0,11.1,nao_conforme
column,45,95,320,20,2.5,12.5,18,20.0,26.5,nao_conforme
beam,25,85,1085,20,3.0,6.3,13,20.0,26.1,nao_conforme
column,10,30,275,20,3.5,20.0,17,4.2,30.8,nao_conforme
beam,10,40,460,50,4.5,12.5,13,10.0,11.8,nao_conforme
column,65,85,325,25,2.5,12.5,5,5.0,10.0,conforme
beam,20,55,260,50,4.5,25.0,10,10.0,5.0,conforme
beam,10,25,1020,45,4.5,25.0,12,16.0,11.0,nao_conforme
column,25,105,340,40,2.5,22.0,20,6.3,20.0,conforme
column,25,25,315,35,1.0,16.0,14,25.0,11.7,nao_conforme
column,10,60,305,35,2.0,20.0,19,5.0,11.5,nao_conforme
column,50,15,325,45,4.0,20.0,20,12.5,17.6,nao_conforme
column,55,110,330,10,2.5,16.0,6,16.0,16.1,nao_conforme
beam,15,50,515,35,4.5,22.0,17,6.3,15.0,conforme
column,20,80,275,30,4.0,16.0,7,10.0,5.0,conforme
column,25,115,270,50,4.5,22.0,6,12.5,15.0,conforme
beam,10,35,965,10,1.0,16.0,12,6.3,14.1,nao_conforme
beam,15,60,990,40,4.0,10.0,7,5.0,25.0,conforme
column,80,105,390,45,3.5,20.0,20,4.2,27.1,nao_conforme
column,20,70,335,50,3.5,10.0,11,25.0,15.3,nao_conforme
column,25,120,350,50,3.5,12.5,5,25.0,20.0,conforme
column,35,100,285,45,2.5,10.0,10,5.0,5.0,conforme
beam,25,80,325,45,4.5,12.5,11,12.5,29.5,nao_conforme
column,25,20,330,10,3.0,25.0,12,22.0,6.9,nao_conforme
column,65,45,315,40,4.5,22.0,8,22.0,5.0,conforme
beam,20,45,530,20,0.0,22.0,12,4.2,18.8,nao_conforme
column,35,40,400,35,3.5,20.0,11,12.5,20.0,conforme
beam,30,65,115,50,3.0,20.0,17,5.0,11.7,nao_conforme
beam,15,40,620,20,0.0,25.0,12,6.3,5.8,nao_conforme
column,45,65,395,50,2.5,20.0,7,5.0,20.0,conforme
column,70,80,380,40,2.5,22.0,6,8.0,15.0,conforme
beam,25,85,610,25,3.0,25.0,17,5.0,5.0,conforme
beam,15,45,735,20,4.0,22.0,12,20.0,14.0,nao_conforme
beam,12.0,35,670,50,3.5,16.0,20,25.0,5.0,conforme
column,80,55,295,15,1.5,10.0,8,6.3,32.5,nao_conforme
beam,25,100,360,35,3.0,12.5,5,6.3,17.8,nao_conforme
column,75,55,365,35,3.0,10.0,10,25.0,29.9,nao_conforme
beam,20,55,810,40,3.0,8.0,6,6.3,19.2,nao_conforme
column,75,115,385,50,1.5,5.0,11,20.0,9.4,nao_conforme
column,65,65,285,30,3.0,22.0,7,6.3,25.0,conforme
column,35,55,390,40,3.5,20.0,10,25.0,5.0,conforme
beam,10,35,245,10,1.0,20.0,16,16.0,31.1,nao_conforme
beam,20,45,285,20,3.5,16.0,14,8.0,24.8,nao_conforme
beam,30,90,325,45,0.5,6.3,19,16.0,11.6,nao_conforme
beam,10,40,175,30,1.0,5.0,16,20.0,17.5,nao_conforme
column,35,90,315,30,3.5,12.5,17,6.3,10.0,conforme
beam,30,60,270,15,4.5,16.0,7,4.2,31.4,nao_conforme
column,40,30,345,25,0.5,22.0,9,20.0,12.7,nao_conforme
column,75,115,270,35,3.5,12.5,17,25.0,30.0,conforme
beam,15,60,760,20,4.0,25.0,13,6.3,20.0,conforme
column,35,20,365,15,4.0,25.0,14,5.0,17.0,nao_conforme
beam,10,25,605,40,4.5,5.0,7,5.0,15.9,nao_conforme
beam,15,55,460,50,1.0,20.0,20,12.5,32.9,nao_conforme
column,45,15,290,25,3.0,12.5,7,6.3,5.0,conforme
beam,30,85,945,35,4.5,10.0,18,20.0,15.0,conforme
beam,15,60,190,35,3.0,25.0,14,22.0,5.0,conforme
beam,30,70,1035,50,3.0,22.0,14,6.3,20.0,conforme
column,60,60,325,30,4.5,6.3,20,20.0,15.2,nao_conforme
beam,25,70,340,20,4.0,10.0,4,6.3,30.0,conforme
beam,15,45,470,40,1.0,6.3,12,5.0,19.3,nao_conforme
beam,15,50,680,30,2.5,16.0,4,22.0,30.0,conforme
column,20,45,360,10,4.0,8.0,16,4.2,30.1,nao_conforme
beam,15,50,1075,25,2.5,12.5,8,20.0,30.0,conforme
beam,10,35,495,25,1.5,10.0,16,6.3,8.9,nao_conforme
column,70,50,345,15,4.5,5.0,20,12.5,13.2,nao_conforme
beam,10,20,1045,10,1.5,25.0,6,10.0,5.4,nao_conforme
beam,20,80,215,40,4.5,8.0,13,16.0,20.0,conforme
beam,30,100,625,20,2.5,12.5,13,25.0,30.0,conforme
column,35,65,370,35,3.5,25.0,6,20.0,15.0,conforme
column,40,120,375,50,3.0,10.0,20,22.0,5.0,conforme
beam,25,75,430,35,2.5,22.0,19,10.0,15.3,nao_conforme
column,65,80,390,15,1.0,10.0,18,5.0,15.6,nao_conforme
beam,15,55,1170,50,4.5,25.0,12,5.0,30.0,conforme
beam,25,90,310,30,4.5,20.0,10,20.0,10.0,conforme
beam,25,70,110,40,2.5,25.0,11,22.0,15.0,conforme
column,70,75,305,40,3.0,25.0,8,22.0,5.5,nao_conforme
beam,20,60,915,30,3.5,22.0,13,12.5,30.0,conforme
beam,20,75,655,15,3.5,10.0,6,6.3,25.5,nao_conforme
beam,20,60,940,50,1.0,4.2,17,4.2,6.7,nao_conforme
column,20,95,390,40,2.5,25.0,10,8.0,10.0,conforme
column,25,80,310,30,4.5,22.0,16,22.0,10.4,nao_conforme
column,45,90,335,40,3.0,4.2,8,6.3,13.2,nao_conforme
column,25,70,390,10,1.5,5.0,9,16.0,14.7,nao_conforme
beam,15,35,710,25,4.0,22.0,19,16.0,20.0,conforme
beam,15,30,685,45,3.5,8.0,5,5.0,5.0,conforme
column,25,60,345,20,4.5,6.3,20,22.0,30.7,nao_conforme
column,20,20,265,30,3.0,22.0,12,10.0,10.0,conforme
column,80,50,335,30,3.5,20.0,15,20.0,20.0,conforme
column,10,45,385,50,2.0,8.0,3,25.0,20.3,nao_conforme
column,25,95,375,50,3.5,16.0,17,5.0,20.0,conforme
column,25,30,265,45,4.0,16.0,18,16.0,10.0,conforme
column,60,80,325,40,4.0,10.0,20,20.0,15.0,conforme
beam,15,50,1035,35,0.0,10.0,5,4.2,10.0,nao_conforme
beam,12.0,30,410,25,3.0,22.0,6,6.3,15.0,conforme
column,45,100,265,20,4.5,5.0,10,6.3,31.7,nao_conforme
column,10,60,395,45,3.0,12.5,18,4.2,7.9,nao_conforme
column,75,55,340,45,3.0,20.0,17,16.0,29.7,nao_conforme
beam,10,20,735,25,0.5,8.0,15,12.5,29.3,nao_conforme
beam,10,20,1075,30,3.5,5.0,13,25.0,19.4,nao_conforme
column,50,40,310,40,3.0,25.0,4,10.0,5.0,conforme
column,30,35,345,30,2.0,10.0,2,5.0,23.1,nao_conforme
column,70,120,385,45,3.0,25.0,7,12.5,10.0,conforme
beam,30,75,1150,30,1.5,16.0,7,16.0,28.8,nao_conforme
beam,25,100,225,50,4.0,8.0,15,20.0,15.0,conforme
column,30,60,325,10,1.0,6.3,20,16.0,6.5,nao_conforme
column,75,20,385,35,3.0,12.5,13,10.0,10.0,conforme
beam,20,55,615,25,0.5,6.3,8,4.2,12.4,nao_conforme
column,30,120,385,30,1.5,25.0,6,22.0,32.4,nao_conforme
column,45,50,320,40,3.0,20.0,20,20.0,10.0,conforme
beam,15,60,150,50,3.5,12.5,17,16.0,30.0,conforme
beam,25,75,1130,20,2.0,8.0,17,6.3,29.0,nao_conforme
beam,15,35,300,45,0.5,16.0,17,10.0,12.0,nao_conforme
column,60,115,270,15,2.0,20.0,15,10.0,32.1,nao_conforme
column,75,30,285,35,4.5,8.0,16,20.0,15.0,conforme
beam,25,100,405,50,4.5,10.0,11,22.0,29.3,nao_conforme
column,50,20,355,30,3.5,16.0,18,8.0,5.0,conforme
beam,25,95,455,50,2.5,16.0,14,8.0,30.0,conforme
beam,30,105,865,45,4.5,8.0,13,12.5,30.0,conforme
beam,15,50,1110,35,3.0,20.0,16,4.2,6.2,nao_conforme
beam,30,90,1150,45,4.0,16.0,17,22.0,5.0,conforme
column,75,100,250,35,1.0,25.0,6,10.0,33.3,nao_conforme
beam,10,30,625,40,2.0,20.0,10,6.3,28.4,nao_conforme
beam,12.0,30,1085,50,4.0,12.5,4,16.0,15.0,conforme
beam,25,55,980,20,0.0,8.0,10,20.0,30.2,nao_conforme
column,20,110,310,50,3.5,25.0,8,5.0,30.0,conforme
column,50,45,285,35,4.0,22.0,12,5.0,10.0,conforme
column,40,60,325,50,2.5,10.0,19,16.0,15.0,conforme
beam,25,90,655,40,1.5,6.3,14,16.0,11.6,nao_conforme
beam,12.0,25,1180,40,4.0,22.0,6,16.0,10.0,conforme
column,20,105,255,20,2.5,20.0,6,12.5,9.9,nao_conforme
beam,15,60,1070,40,4.5,10.0,14,10.0,20.0,conforme
column,30,70,330,35,4.0,16.0,14,6.3,30.0,conforme
column,40,120,325,20,4.5,25.0,11,25.0,11.1,nao_conforme
beam,25,100,1075,20,0.5,6.3,10,10.0,19.0,nao_conforme
beam,25,80,920,35,3.0,10.0,12,12.5,10.0,conforme
beam,15,60,610,15,0.0,8.0,7,16.0,28.4,nao_conforme
column,45,100,270,40,2.5,16.0,19,6.3,15.0,conforme
column,75,120,375,30,2.0,12.5,5,22.0,22.4,nao_conforme
column,70,15,285,45,2.5,10.0,18,6.3,7.6,nao_conforme
column,50,50,305,45,2.5,25.0,16,16.0,5.0,conforme
column,55,85,345,20,3.5,4.2,9,8.0,25.6,nao_conforme
beam,20,75,620,30,4.5,4.2,17,22.0,16.2,nao_conforme
column,60,30,365,30,4.5,16.0,14,12.5,15.0,conforme
column,70,75,385,50,4.0,22.0,11,25.0,30.0,conforme
column,80,60,280,20,3.5,4.2,5,22.0,15.5,nao_conforme
beam,12.0,25,300,50,4.5,8.0,12,5.0,15.0,conforme
column,65,50,355,40,4.0,12.5,9,16.0,25.0,conforme
beam,30,110,1025,20,3.0,16.0,15,25.0,5.0,conforme
column,55,100,275,30,3.5,12.5,20,12.5,25.0,conforme
column,70,30,355,25,2.5,25.0,13,16.0,10.0,conforme
beam,25,60,935,10,0.0,16.0,10,6.3,26.0,nao_conforme
beam,20,45,605,25,0.0,4.2,20,20.0,25.7,nao_conforme
beam,30,65,205,35,2.5,16.0,7,16.0,6.8,nao_conforme
column,55,95,265,35,4.5,8.0,17,10.0,15.0,conforme
beam,12.0,35,440,30,2.5,12.5,12,16.0,15.0,conforme
column,60,120,365,25,2.5,10.0,4,5.0,30.0,conforme
beam,15,55,470,20,4.0,25.0,16,6.3,15.0,conforme
beam,25,80,1010,50,0.5,4.2,11,4.2,25.6,nao_conforme
beam,10,30,1090,40,0.5,22.0,17,6.3,10.8,nao_conforme
column,30,110,375,25,2.5,10.0,16,6.3,15.0,conforme
beam,15,60,550,40,3.0,8.0,18,8.0,17.2,nao_conforme
column,80,105,310,30,3.0,16.0,6,8.0,25.0,conforme
column,20,60,390,20,2.5,12.5,15,16.0,5.0,conforme
beam,30,75,335,35,0.0,5.0,6,10.0,33.5,nao_conforme
column,35,30,305,30,3.0,22.0,8,20.0,5.0,conforme
column,75,30,370,50,3.0,20.0,15,10.0,15.0,conforme
beam,25,70,730,40,4.5,12.5,11,12.5,6.8,nao_conforme
column,75,85,390,40,4.5,6.3,16,22.0,17.7,nao_conforme
beam,15,45,935,15,2.5,8.0,11,20.0,12.2,nao_conforme
column,55,95,390,40,2.0,4.2,17,25.0,5.7,nao_conforme
beam,15,30,885,15,2.0,8.0,15,8.0,23.6,nao_conforme
beam,30,80,1160,45,4.5,10.0,6,16.0,25.0,conforme
beam,30,90,335,45,2.5,8.0,20,25.0,15.0,conforme
beam,30,120,235,20,3.5,8.0,12,22.0,28.7,nao_conforme
column,75,120,265,50,3.0,22.0,18,8.0,15.0,conforme
column,40,105,325,25,2.5,20.0,16,25.0,30.9,nao_conforme
column,15,65,250,45,3.0,22.0,9,22.0,22.6,nao_conforme
column,20,90,360,35,3.5,25.0,6,25.0,15.0,conforme
beam,15,60,565,35,4.5,4.2,12,16.0,7.9,nao_conforme
beam,20,40,465,45,2.5,22.0,12,16.0,20.0,conforme
beam,20,40,505,30,2.5,10.0,16,6.3,15.0,conforme
beam,15,30,940,25,4.0,25.0,6,16.0,10.0,conforme
beam,12.0,35,120,20,3.0,8.0,17,22.0,20.0,conforme
beam,30,105,110,40,3.0,22.0,10,22.0,15.0,conforme
beam,10,40,525,10,4.0,12.5,3,5.0,16.5,nao_conforme
beam,12.0,25,210,35,2.5,20.0,5,22.0,15.0,conforme
column,45,15,370,10,1.0,20.0,6,4.2,17.0,nao_conforme
column,25,65,250,20,0.0,22.0,2,6.3,34.2,nao_conforme
beam,25,65,920,50,4.5,25.0,4,10.0,30.0,conforme
beam,30,110,1160,50,2.0,20.0,4,8.0,23.0,nao_conforme
beam,15,30,810,50,4.0,16.0,18,10.0,15.0,conforme
column,60,90,270,45,3.5,22.0,8,10.0,15.0,conforme
beam,30,70,430,20,4.0,20.0,12,20.0,9.0,nao_conforme
beam,20,70,240,30,4.5,22.0,13,22.0,25.0,conforme
beam,20,55,410,45,0.5,22.0,12,16.0,22.7,nao_conforme
beam,20,60,1000,35,3.0,16.0,10,12.5,30.0,conforme
column,70,85,255,40,3.5,12.5,14,8.0,5.0,conforme
beam,10,30,805,15,1.5,22.0,6,10.0,22.0,nao_conforme
beam,15,40,660,40,2.0,10.0,16,6.3,17.7,nao_conforme
beam,10,30,520,50,3.0,22.0,8,8.0,23.4,nao_conforme
beam,30,70,720,45,1.0,22.0,18,5.0,25.8,nao_conforme
column,65,95,295,35,1.0,5.0,18,6.3,11.2,nao_conforme
beam,25,100,785,45,3.0,16.0,13,25.0,10.0,conforme
column,35,50,380,20,3.5,25.0,18,22.0,10.0,conforme
column,20,55,365,30,4.0,16.0,5,16.0,5.0,conforme
beam,25,80,835,10,2.0,6.3,15,22.0,8.2,nao_conforme
column,50,75,350,50,3.5,22.0,20,8.0,30.0,conforme
beam,15,55,510,50,3.0,10.0,12,20.0,20.0,conforme
column,50,70,320,10,4.0,16.0,7,4.2,23.6,nao_conforme
column,55,35,375,20,4.5,22.0,10,6.3,26.7,nao_conforme
column,10,80,350,10,2.5,16.0,15,10.0,8.7,nao_conforme
column,35,55,310,10,1.0,20.0,9,10.0,24.4,nao_conforme
column,65,105,270,35,2.5,16.0,7,4.2,14.4,nao_conforme
beam,15,60,675,30,2.5,16.0,20,20.0,5.0,conforme
column,25,70,390,25,3.5,12.5,10,16.0,15.0,conforme
beam,20,55,860,40,0.5,8.0,15,20.0,13.4,nao_conforme
column,45,90,320,30,3.0,25.0,19,5.0,15.0,conforme
beam,25,70,430,35,4.0,8.0,10,20.0,30.0,conforme
beam,25,80,525,10,2.0,10.0,7,20.0,7.1,nao_conforme
beam,20,70,885,35,3.0,20.0,14,8.0,15.0,conforme
beam,25,90,165,10,3.0,22.0,4,5.0,12.9,nao_conforme
column,65,35,315,25,4.5,16.0,17,12.5,20.0,conforme
column,50,85,255,20,0.0,20.0,3,5.0,16.5,nao_conforme
column,30,80,380,45,4.5,8.0,4,22.0,10.0,conforme
beam,30,100,1060,15,0.5,20.0,6,25.0,21.2,nao_conforme
column,40,100,380,20,3.5,16.0,14,12.5,10.0,conforme
beam,25,75,560,20,2.5,16.0,15,5.0,15.0,conforme
beam,30,120,575,40,4.5,8.0,13,22.0,20.0,conforme
beam,15,45,695,30,4.0,12.5,10,6.3,25.0,conforme
beam,12.0,20,425,25,3.0,8.0,13,25.0,10.0,conforme
column,50,65,315,20,2.5,20.0,6,22.0,30.6,nao_conforme
column,65,65,385,45,1.5,16.0,14,4.2,23.2,nao_conforme
beam,15,45,810,45,3.0,22.0,4,5.0,21.2,nao_conforme
column,35,30,370,35,4.5,25.0,18,5.0,15.0,conforme
beam,30,70,1015,45,4.5,5.0,11,12.5,17.6,nao_conforme
column,35,50,365,30,2.0,8.0,3,4.2,23.6,nao_conforme
beam,20,40,810,15,1.0,10.0,16,8.0,23.9,nao_conforme
column,65,60,380,40,4.5,16.0,19,22.0,10.0,conforme
beam,30,110,535,20,4.0,16.0,15,22.0,5.0,conforme
beam,10,30,830,30,0.0,22.0,6,5.0,16.1,nao_conforme
column,15,110,265,40,2.5,20.0,3,5.0,11.5,nao_conforme
column,50,65,260,35,2.5,16.0,14,8.0,10.0,conforme
beam,20,80,190,40,3.0,16.0,18,12.5,20.0,conforme
column,50,85,270,40,4.5,20.0,14,8.0,15.0,conforme
beam,30,70,405,25,4.0,10.0,18,6.3,25.0,conforme
column,10,30,365,10,4.0,6.3,7,4.2,19.6,nao_conforme
beam,20,65,1005,10,2.0,16.0,4,20.0,31.3,nao_conforme
beam,30,90,375,35,3.0,12.5,13,22.0,15.0,conforme
column,80,25,295,50,4.0,22.0,4,10.0,32.8,nao_conforme
column,35,100,350,25,4.5,8.0,19,16.0,33.2,nao_conforme
column,35,25,335,35,2.5,12.5,13,16.0,5.0,conforme
beam,20,80,990,25,1.0,4.2,14,20.0,27.6,nao_conforme
beam,25,90,480,35,2.5,10.0,14,8.0,10.0,conforme
beam,25,50,310,35,2.5,25.0,18,20.0,15.0,conforme
column,20,80,270,40,4.5,20.0,7,6.3,5.0,conforme
column,65,30,270,35,2.5,6.3,5,8.0,18.2,nao_conforme
column,10,15,330,20,2.5,10.0,17,22.0,5.2,nao_conforme
column,20,85,255,30,4.0,10.0,12,22.0,15.0,conforme
column,80,85,345,15,1.5,16.0,14,6.3,8.3,nao_conforme
beam,25,85,195,15,1.0,4.2,17,12.5,14.3,nao_conforme
beam,25,60,690,25,2.5,12.5,10,12.5,20.0,conforme
beam,30,120,785,45,3.0,8.0,14,16.0,20.0,conforme
beam,25,75,575,35,2.5,12.5,16,8.0,25.0,conforme
beam,25,70,1080,45,0.5,22.0,20,6.3,12.6,nao_conforme
beam,25,65,830,20,3.0,10.0,12,20.0,21.3,nao_conforme
column,45,95,305,20,4.0,10.0,12,8.0,15.0,conforme
column,25,45,355,35,2.0,25.0,11,16.0,26.5,nao_conforme
beam,25,50,775,45,2.5,25.0,19,25.0,20.0,conforme
column,65,80,305,25,1.0,22.0,15,8.0,9.1,nao_conforme
column,70,65,320,45,0.0,5.0,17,5.0,15.5,nao_conforme
beam,30,115,1100,30,1.5,4.2,19,25.0,12.6,nao_conforme
column,30,85,290,50,2.5,25.0,13,6.3,10.0,conforme
beam,30,115,1160,25,2.5,22.0,5,12.5,20.0,conforme
beam,15,40,245,20,4.5,12.5,10,8.0,15.0,conforme
beam,30,80,345,15,1.0,25.0,3,22.0,18.8,nao_conforme
beam,15,30,440,40,2.5,25.0,4,5.0,25.2,nao_conforme
beam,30,75,1080,20,0.5,25.0,7,22.0,14.7,nao_conforme
beam,30,75,495,50,4.0,22.0,18,10.0,15.0,conforme
beam,30,75,780,45,2.5,25.0,9,8.0,20.0,conforme
beam,30,105,750,25,4.0,8.0,11,12.5,30.0,conforme
column,30,40,255,30,4.5,10.0,3,20.0,22.3,nao_conforme
column,60,30,305,40,4.5,12.5,14,6.3,30.2,nao_conforme
column,15,35,265,35,0.5,8.0,11,6.3,30.0,nao_conforme
beam,20,80,620,30,1.5,4.2,2,25.0,20.7,nao_conforme
column,25,100,270,45,4.5,25.0,19,22.0,10.0,conforme
beam,15,50,295,50,2.5,16.0,18,8.0,30.0,conforme
column,70,75,260,35,4.5,16.0,20,22.0,25.0,conforme
column,30,50,265,20,4.0,10.0,5,25.0,20.0,conforme
beam,25,90,475,45,3.0,25.0,15,12.5,30.0,conforme
column,25,75,260,30,3.0,8.0,14,5.0,15.0,conforme
column,45,70,330,10,1.5,4.2,10,16.0,21.0,nao_conforme
beam,30,95,315,40,4.5,25.0,11,20.0,10.0,conforme
column,45,25,360,20,3.0,16.0,18,22.0,10.0,conforme
beam,10,20,990,25,0.0,8.0,17,6.3,24.5,nao_conforme
beam,20,40,935,45,2.5,25.0,6,8.0,30.9,nao_conforme
beam,25,85,255,50,2.5,12.5,11,16.0,6.7,nao_conforme
beam,20,80,1140,50,2.5,25.0,16,10.0,25.0,conforme
beam,15,40,485,30,4.0,10.0,17,8.0,5.0,conforme
beam,25,70,1175,35,1.0,12.5,17,20.0,18.4,nao_conforme
column,50,85,400,25,3.0,8.0,13,16.0,5.0,conforme
beam,15,45,905,15,4.0,25.0,11,25.0,6.6,nao_conforme
beam,12.0,20,1075,20,4.0,8.0,8,8.0,5.0,conforme
column,70,120,400,15,1.5,20.0,4,5.0,16.7,nao_conforme
beam,10,25,905,10,2.0,5.0,16,25.0,10.1,nao_conforme
column,55,80,310,20,3.0,25.0,6,10.0,15.0,conforme
column,55,30,300,35,4.5,10.0,7,22.0,12.9,nao_conforme
column,50,65,375,50,4.0,4.2,3,16.0,31.4,nao_conforme
beam,15,40,995,50,3.5,8.0,9,16.0,15.0,conforme
column,15,20,330,35,3.5,8.0,6,20.0,20.8,nao_conforme
column,35,40,385,50,4.5,8.0,18,25.0,7.1,nao_conforme
beam,15,50,1185,45,2.5,25.0,7,20.0,25.2,nao_conforme
beam,30,110,310,50,1.0,20.0,7,6.3,22.0,nao_conforme
beam,15,30,600,30,3.5,25.0,8,25.0,10.0,conforme
beam,25,65,685,25,0.5,10.0,13,4.2,7.0,nao_conforme
beam,20,55,1130,35,4.5,20.0,12,25.0,5.0,conforme
beam,15,60,590,40,4.5,22.0,19,22.0,20.0,conforme
column,80,80,350,50,4.5,16.0,20,6.3,20.0,conforme
column,40,70,285,20,3.0,25.0,2,25.0,19.9,nao_conforme
beam,15,60,1140,30,2.0,20.0,14,6.3,17.9,nao_conforme
beam,30,90,395,50,4.0,22.0,19,5.0,15.0,conforme
column,55,65,385,35,4.5,10.0,15,12.5,9.9,nao_conforme
beam,30,115,905,50,0.5,20.0,11,16.0,23.3,nao_conforme
column,60,80,265,25,2.5,16.0,7,5.0,15.0,conforme
beam,15,60,1195,30,3.0,10.0,15,6.3,30.0,conforme
column,70,115,285,30,2.5,12.5,6,22.0,15.0,conforme
beam,15,35,485,45,4.0,12.5,4,25.0,27.7,nao_conforme
column,50,75,265,50,4.0,16.0,6,10.0,10.0,conforme
column,10,45,270,10,1.5,6.3,3,20.0,12.8,nao_conforme
column,80,105,385,30,3.5,6.3,18,10.0,16.9,nao_conforme
beam,25,80,1085,40,2.5,8.0,15,20.0,20.0,conforme
beam,20,70,225,35,1.0,16.0,12,10.0,16.3,nao_conforme
column,65,50,285,35,3.0,25.0,9,25.0,33.4,nao_conforme
column,30,105,260,50,0.0,5.0,16,6.3,28.6,nao_conforme
beam,20,50,750,35,4.0,16.0,17,8.0,25.0,conforme
beam,25,50,190,45,3.0,12.5,14,8.0,16.9,nao_conforme
beam,15,60,610,30,2.5,8.0,6,12.5,5.0,conforme
column,70,90,295,10,3.0,10.0,9,4.2,21.4,nao_conforme
beam,25,55,420,35,1.0,5.0,4,5.0,26.2,nao_conforme
column,40,30,285,35,4.5,8.0,15,6.3,15.0,conforme
column,60,85,360,40,0.5,6.3,7,22.0,17.0,nao_conforme
beam,20,55,1055,20,4.0,22.0,7,6.3,30.0,conforme
column,50,45,325,40,4.5,8.0,19,25.0,34.9,nao_conforme
column,40,25,365,40,3.0,22.0,16,25.0,5.0,conforme
beam,20,75,320,45,4.5,5.0,11,4.2,26.9,nao_conforme
column,25,15,260,50,3.5,5.0,18,16.0,10.8,nao_conforme
column,65,105,295,35,2.5,22.0,7,16.0,15.0,conforme
column,25,45,380,40,3.5,10.0,7,25.0,15.0,conforme
column,40,120,265,45,4.5,20.0,8,12.5,25.0,conforme
beam,20,45,1165,35,4.0,8.0,17,20.0,31.6,nao_conforme
column,80,110,385,45,1.0,10.0,14,16.0,30.0,nao_conforme
beam,30,75,1015,25,2.0,6.3,19,4.2,34.2,nao_conforme
beam,20,55,345,30,2.0,22.0,12,20.0,25.1,nao_conforme
beam,25,95,255,15,0.0,4.2,14,12.5,31.7,nao_conforme
column,55,60,375,45,2.5,22.0,11,22.0,15.0,conforme
beam,12.0,25,710,20,3.0,22.0,18,10.0,15.0,conforme
column,65,60,360,50,4.0,10.0,12,6.3,30.0,conforme
column,15,30,265,50,1.0,10.0,6,6.3,12.7,nao_conforme
beam,10,35,885,10,4.0,4.2,17,12.5,23.6,nao_conforme
beam,20,50,135,15,3.5,20.0,16,10.0,22.8,nao_conforme
beam,25,90,565,20,4.0,20.0,7,5.0,15.0,conforme
column,35,45,280,25,0.5,12.5,8,20.0,25.8,nao_conforme
column,10,25,315,30,2.5,25.0,16,20.0,23.7,nao_conforme
beam,30,100,610,40,2.5,10.0,14,5.0,5.0,conforme
beam,12.0,35,1180,35,3.5,10.0,10,6.3,5.0,conforme
beam,30,70,580,30,3.5,22.0,4,8.0,10.0,conforme
column,45,90,300,40,2.5,16.0,15,6.3,30.0,conforme
column,60,105,350,45,4.5,12.5,8,16.0,30.0,conforme
beam,30,115,790,20,3.5,20.0,19,5.0,5.0,conforme
beam,30,60,945,20,2.5,8.0,17,5.0,30.0,conforme
column,35,100,370,40,4.0,25.0,10,22.0,15.0,conforme
column,70,20,270,35,2.0,20.0,7,25.0,32.7,nao_conforme
beam,20,40,345,15,1.0,20.0,17,6.3,9.8,nao_conforme
column,70,90,375,20,4.5,8.0,11,5.0,25.0,conforme
column,60,70,360,25,2.5,12.5,9,6.3,20.0,conforme
beam,12.0,30,1110,30,4.5,20.0,16,10.0,5.0,conforme
column,35,75,290,45,1.0,25.0,6,25.0,25.6,nao_conforme
beam,10,30,430,35,1.0,6.3,18,4.2,29.2,nao_conforme
column,30,120,250,50,4.0,20.0,9,12.5,30.0,conforme
column,30,75,360,50,4.0,25.0,9,20.0,30.0,conforme
beam,20,70,625,35,0.5,8.0,15,10.0,29.7,nao_conforme
beam,10,25,405,25,3.5,22.0,18,16.0,33.5,nao_conforme
beam,10,25,535,25,2.5,12.5,11,10.0,23.2,nao_conforme
column,20,115,345,20,4.5,25.0,17,20.0,15.0,conforme
column,30,105,315,30,4.5,22.0,7,5.0,25.0,conforme
beam,10,40,430,50,4.0,20.0,6,12.5,16.8,nao_conforme
beam,15,50,270,35,4.0,22.0,17,16.0,30.0,conforme
column,80,55,280,45,3.5,16.0,8,10.0,15.0,conforme
column,75,70,325,45,4.5,4.2,18,6.3,18.2,nao_conforme
column,70,85,365,25,0.0,16.0,13,6.3,12.5,nao_conforme
beam,20,80,930,15,2.0,22.0,16,16.0,22.7,nao_conforme
beam,20,65,440,50,3.0,10.0,3,5.0,16.2,nao_conforme
beam,25,75,755,50,3.0,25.0,18,5.0,10.0,conforme
column,75,80,345,30,2.5,10.0,10,5.0,12.7,nao_conforme
column,10,40,280,15,3.0,10.0,8,8.0,13.7,nao_conforme
beam,15,40,1165,35,3.5,20.0,3,6.3,19.4,nao_conforme
beam,20,80,380,25,4.5,10.0,17,6.3,25.0,conforme
column,70,25,270,40,4.0,16.0,19,20.0,10.0,conforme
column,80,105,365,10,4.0,8.0,13,20.0,9.4,nao_conforme
beam,15,55,715,30,4.5,12.5,7,25.0,25.0,conforme
beam,25,60,310,25,3.0,16.0,6,8.0,5.0,conforme
column,15,105,325,15,1.0,22.0,10,20.0,20.5,nao_conforme
column,35,115,295,25,4.0,10.0,3,10.0,31.4,nao_conforme
beam,15,30,955,40,3.0,8.0,17,10.0,5.0,conforme
beam,20,80,470,15,1.5,20.0,15,22.0,8.6,nao_conforme
column,40,85,260,45,2.5,22.0,12,20.0,25.0,conforme
column,35,115,330,35,4.5,8.0,12,16.0,5.0,conforme
column,65,80,330,15,0.0,12.5,10,22.0,15.6,nao_conforme
beam,30,65,205,45,4.0,25.0,8,6.3,25.0,conforme
beam,30,70,915,50,2.0,12.5,15,20.0,26.7,nao_conforme
column,70,15,265,35,2.5,16.0,20,25.0,33.8,nao_conforme
beam,25,50,475,25,2.5,12.5,13,10.0,5.0,conforme
column,20,75,385,40,3.0,10.0,10,10.0,30.0,conforme
column,70,75,305,15,3.0,6.3,10,20.0,28.0,nao_conforme
beam,12.0,25,510,40,2.5,25.0,15,12.5,10.0,conforme
beam,15,50,785,40,0.0,22.0,14,22.0,28.0,nao_conforme
beam,30,105,165,20,3.0,25.0,19,25.0,20.0,conforme
beam,20,75,740,35,1.0,25.0,11,12.5,34.1,nao_conforme
beam,15,50,910,45,3.5,20.0,6,12.5,7.7,nao_conforme
beam,12.0,35,585,35,4.5,22.0,4,22.0,5.0,conforme
column,15,55,260,40,1.5,8.0,12,16.0,33.7,nao_conforme
beam,20,75,1130,30,3.5,8.0,8,6.3,20.0,conforme
beam,25,55,195,10,3.5,16.0,3,8.0,8.2,nao_conforme
beam,30,60,215,50,3.0,16.0,19,8.0,20.0,conforme
column,45,95,345,35,2.5,22.0,10,6.3,30.0,conforme
beam,25,90,605,40,3.5,16.0,4,12.5,25.0,conforme
column,35,20,380,25,4.0,22.0,15,16.0,10.0,conforme
column,20,45,400,50,3.5,16.0,7,6.3,5.0,conforme
beam,20,75,990,35,2.5,20.0,11,5.0,30.0,conforme
beam,15,55,485,25,3.5,12.5,12,6.3,30.0,conforme
beam,25,75,855,35,3.0,10.0,4,25.0,10.0,conforme
column,20,85,355,40,4.5,20.0,20,16.0,20.0,conforme
beam,30,70,505,15,4.0,22.0,5,6.3,14.5,nao_conforme
column,55,105,270,40,3.0,12.5,9,22.0,25.0,conforme
beam,25,70,200,35,2.5,20.0,8,25.0,25.0,conforme
column,60,35,285,30,3.5,22.0,14,16.0,20.0,conforme
column,30,45,375,20,3.5,22.0,12,8.0,20.0,conforme
beam,15,40,1175,35,4.5,8.0,19,5.0,15.0,conforme
beam,25,90,465,45,4.5,22.0,16,20.0,20.0,conforme
beam,20,55,335,30,3.5,8.0,11,22.0,10.0,conforme
beam,25,95,975,35,3.0,10.0,7,6.3,5.0,conforme
column,50,20,280,45,3.5,25.0,20,5.0,10.0,conforme
column,60,120,305,15,0.0,10.0,14,8.0,34.4,nao_conforme
column,35,80,300,50,3.0,22.0,6,10.0,15.0,conforme
column,20,120,260,25,3.0,16.0,5,25.0,5.0,conforme
beam,12.0,30,740,20,3.5,8.0,13,12.5,15.0,conforme
beam,15,30,190,10,1.0,20.0,15,6.3,7.5,nao_conforme
column,65,35,385,15,1.5,20.0,7,5.0,11.4,nao_conforme
beam,10,30,355,30,0.0,20.0,2,5.0,16.7,nao_conforme
column,30,105,345,40,0.5,16.0,13,25.0,10.6,nao_conforme
beam,25,60,340,50,3.0,12.5,15,6.3,13.7,nao_conforme
beam,10,25,700,40,0.5,5.0,10,8.0,16.1,nao_conforme
beam,20,50,500,50,3.5,10.0,15,16.0,20.0,conforme
column,80,20,325,25,0.0,8.0,9,20.0,23.7,nao_conforme
beam,15,60,305,50,3.0,10.0,14,20.0,5.0,conforme
beam,30,110,415,20,4.0,22.0,15,5.0,28.0,nao_conforme
column,20,15,355,45,0.5,16.0,16,22.0,24.8,nao_conforme
column,20,70,305,25,3.5,22.0,9,6.3,25.0,conforme
column,80,15,280,25,2.5,22.0,10,22.0,5.0,conforme
beam,15,30,630,35,3.5,16.0,5,25.0,10.0,conforme
beam,12.0,30,610,30,2.5,22.0,14,10.0,15.0,conforme
beam,20,80,115,40,4.0,25.0,7,6.3,10.0,conforme
column,40,65,250,35,2.5,22.0,6,25.0,5.0,conforme
beam,20,75,225,20,3.0,16.0,4,5.0,6.9,nao_conforme
column,65,90,265,45,3.0,10.0,17,5.0,25.0,conforme
column,70,115,315,35,4.5,8.0,20,22.0,11.4,nao_conforme
beam,12.0,40,200,50,3.0,22.0,11,6.3,5.0,conforme
column,75,50,310,25,2.0,16.0,14,25.0,9.7,nao_conforme
column,25,55,315,35,2.5,22.0,16,20.0,15.0,conforme
beam,30,115,960,35,3.0,20.0,8,6.3,5.0,conforme
column,80,120,265,50,1.5,20.0,14,4.2,32.3,nao_conforme
column,40,35,330,50,2.0,8.0,4,22.0,21.6,nao_conforme
beam,12.0,35,725,20,4.5,10.0,13,5.0,10.0,conforme
beam,25,55,270,30,2.5,25.0,16,20.0,15.0,conforme
beam,10,35,480,10,3.5,12.5,9,25.0,22.0,nao_conforme
beam,20,65,460,35,4.0,20.0,5,16.0,30.0,conforme
beam,20,45,235,20,2.0,5.0,6,20.0,9.5,nao_conforme
beam,25,90,895,35,3.0,20.0,16,16.0,17.3,nao_conforme
beam,15,40,820,20,1.0,6.3,7,4.2,17.6,nao_conforme
column,10,85,325,45,4.0,4.2,17,8.0,11.5,nao_conforme
beam,15,50,170,50,2.0,16.0,14,22.0,31.2,nao_conforme
column,80,115,315,10,2.0,5.0,17,20.0,27.1,nao_conforme
beam,25,70,450,20,4.5,22.0,17,8.0,30.0,conforme
column,55,80,380,25,4.5,8.0,6,12.5,15.0,conforme
beam,25,90,520,25,0.5,5.0,2,25.0,26.4,nao_conforme
column,70,95,325,45,3.0,8.0,13,12.5,20.0,conforme
column,65,25,335,40,3.5,22.0,9,12.5,5.0,conforme
beam,15,55,445,50,3.5,16.0,9,6.3,23.3,nao_conforme
beam,20,55,695,20,3.5,10.0,7,22.0,10.0,conforme
column,80,65,275,10,4.0,22.0,5,10.0,19.4,nao_conforme
beam,25,100,1030,25,4.0,22.0,16,16.0,30.0,conforme
beam,25,100,295,20,4.0,20.0,16,12.5,15.0,conforme
column,15,95,350,30,2.0,25.0,19,25.0,10.2,nao_conforme
beam,20,45,160,25,4.0,8.0,19,22.0,5.0,conforme
column,40,75,380,45,2.5,20.0,11,22.0,10.0,conforme
column,75,15,300,40,1.0,16.0,2,22.0,14.5,nao_conforme
column,30,45,250,20,3.5,5.0,14,25.0,29.2,nao_conforme
column,35,30,355,50,1.0,12.5,8,4.2,22.8,nao_conforme
column,70,25,305,25,2.5,8.0,15,16.0,5.0,conforme
beam,30,60,165,35,1.5,20.0,13,25.0,33.2,nao_conforme
beam,15,55,130,30,4.0,5.0,19,5.0,10.8,nao_conforme
beam,25,90,560,20,3.5,10.0,14,12.5,10.0,conforme
beam,25,90,850,30,3.0,12.5,13,6.3,5.0,conforme
beam,20,60,1150,35,3.0,16.0,20,4.2,19.2,nao_conforme
column,45,50,400,25,1.0,25.0,10,12.5,16.8,nao_conforme
column,30,45,320,30,4.5,8.0,4,20.0,25.0,conforme
beam,30,70,960,10,2.5,8.0,2,6.3,7.6,nao_conforme
column,50,115,345,40,3.5,8.0,19,12.5,30.0,conforme
column,40,105,310,35,4.5,5.0,17,5.0,25.7,nao_conforme
column,15,50,280,20,2.5,10.0,4,5.0,5.8,nao_conforme
column,30,120,400,35,4.5,8.0,14,5.0,20.0,conforme
column,25,15,285,40,4.5,22.0,17,5.0,5.0,conforme
column,20,65,360,40,1.5,16.0,15,25.0,12.7,nao_conforme
column,60,105,270,30,3.5,20.0,6,20.0,10.0,conforme
beam,15,30,1125,45,0.0,10.0,15,5.0,8.1,nao_conforme
column,20,40,380,20,1.0,8.0,5,4.2,34.8,nao_conforme
beam,30,110,490,45,4.0,20.0,2,4.2,15.2,nao_conforme
column,75,55,350,45,0.5,12.5,18,25.0,5.5,nao_conforme
beam,25,100,795,30,3.5,25.0,16,22.0,10.0,conforme
beam,20,65,625,20,4.5,10.0,4,10.0,30.0,conforme
beam,25,75,950,50,4.0,20.0,13,5.0,15.0,conforme
beam,30,100,885,25,3.5,8.0,20,6.3,15.0,conforme
beam,25,85,815,30,4.0,20.0,8,25.0,10.6,nao_conforme
beam,15,60,885,40,3.0,4.2,12,12.5,21.8,nao_conforme
column,75,30,385,50,4.0,16.0,4,6.3,15.0,conforme
beam,12.0,35,675,45,4.5,8.0,11,22.0,15.0,conforme
beam,15,40,405,50,0.5,20.0,20,8.0,27.6,nao_conforme
column,60,30,355,20,3.0,20.0,18,16.0,10.0,conforme
column,65,115,250,30,1.5,5.0,2,8.0,30.0,nao_conforme
column,15,30,330,35,3.0,20.0,7,10.0,11.2,nao_conforme
beam,20,60,915,45,0.5,10.0,15,6.3,19.8,nao_conforme
beam,15,55,655,50,4.0,22.0,15,16.0,10.0,conforme
beam,30,75,800,20,3.5,16.0,4,12.5,11.2,nao_conforme
column,35,70,280,30,1.0,8.0,17,8.0,12.0,nao_conforme
column,65,95,315,20,2.0,5.0,12,4.2,34.4,nao_conforme
beam,12.0,20,430,25,4.5,16.0,15,25.0,5.0,conforme
beam,25,70,230,10,0.5,5.0,20,10.0,28.3,nao_conforme
column,35,75,320,50,4.0,22.0,8,20.0,5.0,conforme
column,65,45,325,35,3.5,8.0,18,8.0,22.6,nao_conforme
beam,30,110,320,20,3.0,20.0,20,22.0,20.0,conforme
beam,15,40,385,45,3.5,12.5,12,20.0,15.0,conforme
column,75,100,325,30,2.5,12.5,5,10.0,15.0,conforme
column,30,100,315,35,4.5,10.0,14,8.0,17.4,nao_conforme
column,30,55,285,20,3.0,22.0,9,16.0,5.0,conforme
column,35,85,320,40,0.0,4.2,11,25.0,5.5,nao_conforme
beam,25,55,255,30,3.5,20.0,9,6.3,5.9,nao_conforme
beam,25,60,700,30,1.0,6.3,2,25.0,8.0,nao_conforme
beam,30,110,880,25,0.5,20.0,8,10.0,26.0,nao_conforme
beam,10,30,460,25,3.0,10.0,12,25.0,29.2,nao_conforme
beam,25,50,570,50,0.0,6.3,12,16.0,16.7,nao_conforme
beam,20,60,660,20,4.0,16.0,12,12.5,30.0,conforme
beam,25,75,850,30,4.0,25.0,13,12.5,20.0,conforme
beam,12.0,25,900,25,4.0,16.0,18,6.3,10.0,conforme
column,45,90,350,30,3.5,20.0,6,5.0,15.0,conforme
beam,30,120,910,10,1.0,6.3,16,22.0,13.7,nao_conforme
column,60,90,330,30,0.0,12.5,9,25.0,26.5,nao_conforme
column,50,90,345,20,0.0,16.0,20,22.0,6.3,nao_conforme
beam,30,65,175,50,4.5,20.0,8,25.0,10.0,conforme
column,45,120,365,40,4.0,25.0,11,25.0,20.0,conforme
beam,30,110,610,20,3.0,22.0,20,5.0,5.0,conforme
column,45,60,325,50,1.5,16.0,14,20.0,12.9,nao_conforme
beam,12.0,40,890,45,3.5,22.0,18,25.0,10.0,conforme
beam,20,75,860,50,0.5,6.3,8,22.0,34.0,nao_conforme
beam,20,70,335,50,4.5,25.0,11,22.0,10.0,conforme
beam,25,80,680,30,3.0,22.0,14,16.0,15.0,conforme
beam,10,35,745,10,3.5,22.0,6,8.0,15.2,nao_conforme
beam,10,40,1150,35,0.5,10.0,2,8.0,18.0,nao_conforme
column,65,45,270,10,1.5,4.2,20,8.0,19.7,nao_conforme
column,40,100,355,45,4.0,12.5,10,8.0,10.0,conforme
beam,20,40,465,45,0.5,6.3,18,5.0,30.5,nao_conforme
beam,10,20,325,15,4.5,10.0,15,20.0,25.8,nao_conforme
beam,20,65,570,40,0.5,16.0,19,5.0,13.8,nao_conforme
column,45,55,285,20,3.0,8.0,8,8.0,25.0,conforme
column,20,85,380,40,3.5,22.0,13,25.0,5.0,conforme
column,50,115,250,20,3.5,22.0,11,22.0,10.0,conforme
column,45,55,340,40,4.5,4.2,8,8.0,31.8,nao_conforme
beam,15,55,1065,40,2.5,20.0,15,25.0,20.0,conforme
column,55,35,390,30,1.0,10.0,9,20.0,16.2,nao_conforme
beam,30,100,340,45,4.0,4.2,5,22.0,10.4,nao_conforme
column,75,60,250,10,0.0,8.0,10,22.0,16.5,nao_conforme
column,50,65,290,20,2.0,25.0,9,6.3,7.1,nao_conforme
column,75,100,320,25,4.0,25.0,11,22.0,15.0,conforme
beam,25,100,340,30,3.0,5.0,13,20.0,7.5,nao_conforme
beam,25,60,215,50,3.5,16.0,5,6.3,5.0,conforme
beam,25,70,1080,40,2.5,10.0,7,5.0,13.3,nao_conforme
column,45,20,365,20,4.0,12.5,5,25.0,30.6,nao_conforme
beam,30,100,280,15,0.0,4.2,20,25.0,16.8,nao_conforme
beam,15,30,775,15,4.5,12.5,19,22.0,11.6,nao_conforme
beam,20,45,375,45,4.5,20.0,17,6.3,11.6,nao_conforme
beam,25,75,765,40,3.5,10.0,12,8.0,15.0,conforme
beam,25,85,405,15,4.0,4.2,15,8.0,9.0,nao_conforme
column,75,105,295,45,4.0,20.0,9,4.2,28.7,nao_conforme
column,15,85,265,50,1.0,20.0,13,10.0,21.7,nao_conforme
beam,25,75,295,30,3.0,25.0,17,6.3,5.0,conforme
column,40,30,335,30,4.0,22.0,4,8.0,5.0,conforme
beam,15,35,1195,20,1.5,10.0,6,8.0,8.9,nao_conforme
column,45,20,365,50,3.5,22.0,5,20.0,10.0,conforme
column,45,85,255,20,3.5,22.0,6,12.5,5.0,conforme
beam,15,45,1040,15,4.0,8.0,17,16.0,25.4,nao_conforme
column,20,65,365,20,3.0,10.0,6,16.0,15.0,conforme
column,35,120,365,45,3.5,12.5,7,20.0,30.0,conforme
column,50,80,335,20,2.5,10.0,5,6.3,30.0,conforme
column,70,95,385,30,2.5,8.0,13,25.0,10.0,conforme
beam,20,70,605,45,3.0,22.0,11,6.3,25.0,conforme
beam,10,20,685,35,1.0,6.3,10,12.5,31.7,nao_conforme
column,50,100,250,25,4.5,12.5,13,5.0,34.1,nao_conforme
column,60,40,275,45,4.0,22.0,10,20.0,5.0,conforme
beam,20,55,1055,35,1.5,16.0,18,6.3,9.8,nao_conforme
column,75,105,255,25,4.5,10.0,7,16.0,25.0,conforme
column,70,70,325,40,4.0,20.0,14,16.0,25.0,conforme
beam,25,50,275,50,0.5,10.0,2,16.0,23.5,nao_conforme
column,45,120,290,20,4.5,12.5,16,20.0,10.0,conforme
beam,15,40,875,50,3.5,16.0,15,12.5,20.0,conforme
column,30,40,310,25,4.5,16.0,14,20.0,5.0,conforme
column,70,15,340,35,2.0,8.0,5,20.0,12.2,nao_conforme
beam,30,85,905,40,1.0,12.5,7,12.5,34.3,nao_conforme
column,10,65,320,50,3.0,5.0,17,4.2,17.2,nao_conforme
column,45,95,330,15,3.5,22.0,19,10.0,18.6,nao_conforme
beam,25,75,150,25,3.5,8.0,4,10.0,16.1,nao_conforme
column,50,15,355,45,2.5,25.0,14,25.0,5.0,conforme
column,75,70,345,30,2.5,8.0,16,22.0,25.0,conforme
column,30,30,375,30,4.0,16.0,16,20.0,15.0,conforme
column,80,85,260,50,3.5,16.0,17,20.0,25.0,conforme
beam,15,30,400,50,3.5,20.0,5,16.0,10.0,conforme
beam,20,55,1060,40,2.5,8.0,11,16.0,20.0,conforme
beam,10,35,845,45,0.0,16.0,6,8.0,32.8,nao_conforme
beam,30,60,1030,50,4.5,22.0,4,12.5,20.0,conforme
beam,12.0,30,1145,20,4.0,8.0,11,8.0,10.0,conforme
beam,20,45,1115,40,2.5,16.0,15,16.0,25.0,conforme
beam,20,60,460,20,3.0,22.0,9,5.0,14.8,nao_conforme
column,40,50,390,40,2.5,22.0,3,20.0,27.1,nao_conforme
column,30,35,360,45,0.0,8.0,4,6.3,5.4,nao_conforme
beam,10,25,220,20,1.0,4.2,15,22.0,8.2,nao_conforme
column,60,100,300,35,3.0,22.0,15,6.3,25.0,conforme
column,40,50,260,35,4.0,25.0,19,22.0,5.0,conforme
column,70,60,360,20,2.5,8.0,9,16.0,30.0,conforme
column,40,110,395,45,3.0,12.5,13,12.5,20.0,conforme
beam,15,40,1015,25,3.5,10.0,8,5.0,5.0,conforme
beam,12.0,35,660,25,4.5,10.0,20,10.0,5.0,conforme
column,70,60,370,35,4.5,10.0,10,25.0,20.0,conforme
column,55,20,305,35,1.0,22.0,4,22.0,26.3,nao_conforme
beam,10,20,945,35,2.5,20.0,16,22.0,33.0,nao_conforme
column,30,65,265,20,4.0,10.0,16,20.0,10.0,conforme
beam,25,55,990,50,3.5,12.5,2,4.2,25.2,nao_conforme
beam,30,90,435,15,3.0,22.0,15,6.3,27.9,nao_conforme
column,50,20,375,30,4.5,25.0,11,6.3,5.0,conforme
beam,10,25,760,30,2.5,20.0,15,12.5,32.6,nao_conforme
column,50,20,295,45,3.0,25.0,4,22.0,5.0,conforme
column,80,90,265,45,4.5,12.5,16,16.0,5.6,nao_conforme
column,60,20,250,35,3.5,20.0,9,10.0,5.0,conforme
column,30,105,390,50,1.0,6.3,17,10.0,23.1,nao_conforme
column,20,85,390,50,2.5,6.3,11,4.2,27.3,nao_conforme
beam,12.0,30,125,40,4.5,10.0,4,10.0,15.0,conforme
beam,15,60,975,35,2.5,25.0,17,10.0,25.0,conforme
column,40,45,305,15,2.0,22.0,11,16.0,24.9,nao_conforme
beam,20,60,400,45,1.5,12.5,20,20.0,7.6,nao_conforme
column,35,75,275,50,4.5,12.5,6,22.0,30.0,conforme
beam,20,75,915,30,0.5,6.3,5,22.0,10.3,nao_conforme
column,35,45,275,50,4.0,10.0,8,5.0,10.0,conforme
column,40,105,300,35,3.5,25.0,18,22.0,18.4,nao_conforme
beam,15,50,790,25,1.0,10.0,18,6.3,17.9,nao_conforme
beam,10,40,920,30,1.5,6.3,7,6.3,15.9,nao_conforme
beam,20,45,700,25,3.5,22.0,14,25.0,10.0,conforme
beam,12.0,20,1165,40,4.0,25.0,20,8.0,5.0,conforme
column,50,20,250,45,3.5,25.0,11,10.0,10.0,conforme
column,50,65,355,35,3.5,25.0,8,12.5,30.0,conforme
column,80,40,275,25,4.5,20.0,4,16.0,15.0,conforme
beam,30,60,1175,35,4.5,22.0,19,20.0,25.0,conforme
beam,30,70,915,50,4.0,20.0,5,6.3,25.0,conforme
column,50,95,305,35,4.5,22.0,18,16.0,15.0,conforme
beam,20,80,205,20,3.0,8.0,6,25.0,25.0,conforme
beam,25,85,500,40,3.5,20.0,3,4.2,10.3,nao_conforme
beam,15,55,250,25,2.5,6.3,11,20.0,27.9,nao_conforme
column,70,90,400,45,4.0,22.0,15,22.0,10.0,conforme
beam,15,35,235,35,2.5,6.3,2,16.0,24.6,nao_conforme
column,45,40,390,25,2.0,8.0,2,5.0,5.7,nao_conforme
column,80,90,265,35,4.0,12.5,14,5.0,5.0,conforme
column,70,100,270,30,2.5,16.0,12,5.0,7.9,nao_conforme
beam,20,75,725,25,3.5,16.0,9,25.0,20.0,conforme
column,45,120,340,45,4.5,8.0,19,8.0,15.0,conforme
column,75,100,285,20,1.5,4.2,7,10.0,32.3,nao_conforme
beam,10,25,775,30,2.5,20.0,14,6.3,5.6,nao_conforme
beam,20,40,920,35,3.5,22.0,20,25.0,5.0,conforme
column,45,30,325,20,4.5,10.0,20,6.3,10.0,conforme
column,60,95,395,45,3.5,12.5,15,6.3,30.0,conforme
column,60,55,285,20,2.5,20.0,16,8.0,20.0,conforme
beam,25,50,150,45,4.0,4.2,15,22.0,16.8,nao_conforme
column,55,90,330,25,2.5,25.0,14,22.0,5.0,conforme
column,55,75,345,35,4.5,12.5,18,6.3,15.0,conforme
column,80,80,375,20,4.5,16.0,8,6.3,5.0,conforme
beam,20,45,1005,20,2.5,20.0,17,20.0,7.0,nao_conforme
column,55,85,270,30,3.0,12.5,9,6.3,20.0,conforme
column,70,15,260,30,3.0,12.5,15,20.0,5.0,conforme
beam,25,50,410,10,1.0,25.0,20,6.3,9.0,nao_conforme
column,45,115,280,50,3.5,22.0,5,16.0,15.0,conforme
column,20,100,280,20,0.5,25.0,6,5.0,8.8,nao_conforme
beam,30,70,835,45,1.5,20.0,10,22.0,29.3,nao_conforme
beam,15,60,735,15,2.5,4.2,11,5.0,16.8,nao_conforme
column,30,85,370,35,4.5,22.0,16,16.0,10.0,conforme
beam,30,60,910,40,0.0,10.0,18,4.2,14.6,nao_conforme
column,35,80,355,45,3.0,12.5,18,22.0,25.0,conforme
beam,25,55,795,25,3.0,8.0,5,12.5,10.0,conforme
beam,25,50,890,40,3.5,8.0,18,10.0,30.0,conforme
beam,20,55,355,15,0.0,16.0,2,4.2,15.1,nao_conforme
column,40,65,355,30,3.5,16.0,6,8.0,30.0,conforme
column,30,95,340,35,1.0,25.0,20,20.0,20.6,nao_conforme
column,45,85,355,25,4.5,10.0,6,22.0,30.0,conforme
column,60,60,295,35,4.5,22.0,18,20.0,10.0,conforme
column,70,70,275,40,4.5,12.5,7,6.3,10.0,conforme
beam,20,45,420,15,1.5,25.0,17,12.5,15.7,nao_conforme
column,80,70,250,30,4.0,25.0,6,16.0,18.4,nao_conforme
beam,25,60,895,40,2.5,20.0,4,20.0,25.0,conforme
beam,15,60,470,20,3.0,12.5,18,6.3,20.0,conforme
beam,15,60,140,30,2.5,5.0,3,5.0,17.5,nao_conforme
beam,12.0,30,920,25,4.0,16.0,5,12.5,10.0,conforme
beam,30,105,405,45,3.0,8.0,15,12.5,20.0,conforme
column,20,110,270,50,3.0,20.0,15,10.0,5.0,conforme
column,70,100,295,35,4.5,4.2,20,4.2,32.7,nao_conforme
beam,30,85,190,30,4.0,12.5,14,6.3,15.0,conforme
column,70,115,275,10,0.0,22.0,20,10.0,12.2,nao_conforme
beam,30,80,385,20,2.5,16.0,6,5.0,26.9,nao_conforme
beam,25,95,1045,50,3.5,25.0,20,16.0,25.0,conforme
beam,25,90,725,25,4.5,20.0,16,10.0,5.4,nao_conforme
beam,20,80,1190,35,0.5,20.0,11,8.0,10.3,nao_conforme
beam,30,110,1165,25,4.5,5.0,5,5.0,30.7,nao_conforme
beam,20,60,180,40,2.5,5.0,14,6.3,12.1,nao_conforme
beam,20,80,665,20,3.0,20.0,18,22.0,5.0,conforme
column,15,105,250,50,3.0,6.3,11,4.2,16.1,nao_conforme
beam,30,60,475,40,3.0,5.0,15,8.0,30.9,nao_conforme
column,80,110,280,10,1.5,16.0,5,10.0,22.1,nao_conforme
beam,15,35,130,20,3.0,16.0,17,22.0,5.0,conforme
column,45,110,300,35,1.0,20.0,15,8.0,17.6,nao_conforme
beam,25,90,170,50,2.5,12.5,9,25.0,10.0,conforme
beam,12.0,30,590,25,4.0,12.5,4,12.5,10.0,conforme
column,70,25,250,40,2.5,10.0,5,5.0,10.0,conforme
beam,20,50,165,35,3.5,22.0,6,10.0,20.0,conforme
beam,30,110,125,30,3.0,22.0,6,20.0,15.4,nao_conforme
column,30,110,380,35,3.0,10.0,4,6.3,9.1,nao_conforme
column,50,70,355,50,3.5,10.0,12,22.0,10.0,conforme
beam,12.0,20,615,45,3.5,10.0,10,6.3,5.0,conforme
beam,15,35,1165,40,2.0,22.0,17,4.2,29.7,nao_conforme
column,20,35,315,35,4.5,8.0,4,25.0,20.0,conforme
column,70,65,320,45,1.0,10.0,7,25.0,29.8,nao_conforme
beam,20,75,155,15,4.0,10.0,2,25.0,27.8,nao_conforme
column,60,80,330,20,2.5,22.0,9,22.0,10.0,conforme
beam,25,100,1180,15,4.0,8.0,11,10.0,6.4,nao_conforme
column,70,65,375,50,4.5,4.2,7,16.0,33.9,nao_conforme
column,55,100,270,35,3.0,12.5,5,5.0,15.0,conforme
beam,10,25,295,50,1.5,8.0,19,25.0,25.7,nao_conforme
column,35,80,305,10,1.5,8.0,9,10.0,22.8,nao_conforme
column,45,60,280,50,2.0,6.3,5,12.5,28.5,nao_conforme
column,25,100,295,25,4.0,20.0,7,22.0,25.0,conforme
beam,15,50,770,30,3.5,8.0,15,12.5,20.0,conforme
beam,30,85,120,25,3.5,22.0,17,5.0,10.0,conforme
column,50,105,270,40,4.0,25.0,5,16.0,30.0,conforme
beam,25,65,670,15,2.5,22.0,14,25.0,21.8,nao_conforme
beam,25,70,570,20,1.5,22.0,3,12.5,34.3,nao_conforme
beam,12.0,20,110,50,3.0,12.5,18,8.0,10.0,conforme
beam,25,65,390,25,3.5,8.0,18,25.0,28.6,nao_conforme
column,35,70,280,35,2.5,25.0,2,10.0,10.1,nao_conforme
beam,10,35,980,35,4.0,4.2,11,16.0,27.6,nao_conforme
column,35,15,330,20,0.0,8.0,18,22.0,30.8,nao_conforme
beam,25,85,335,45,3.5,12.5,7,5.0,5.0,conforme
beam,25,70,155,20,3.5,12.5,9,8.0,30.0,conforme
column,75,15,300,40,4.0,6.3,20,25.0,16.7,nao_conforme
column,45,120,330,30,3.0,20.0,9,25.0,30.0,conforme
beam,25,90,555,50,4.5,8.0,11,10.0,10.0,conforme
beam,15,45,865,20,2.5,10.0,8,10.0,15.0,conforme
column,50,50,265,25,3.0,8.0,15,10.0,20.0,conforme
column,40,55,380,50,4.0,20.0,10,16.0,5.0,conforme
column,20,85,330,50,0.5,16.0,13,22.0,5.3,nao_conforme
column,30,40,250,30,4.5,25.0,12,10.0,5.0,conforme
beam,25,80,645,45,2.5,16.0,6,22.0,30.0,conforme
beam,20,65,505,40,2.5,10.0,16,8.0,10.0,conforme
